# file	part	size	sha256
Onlyoffice/onlyoffice.deb	onlyoffice.deb.000	52428800	f7ebb3570328cf376b53dc41b03d7a01e516ca070c75deeae0e78bc437322b09
Onlyoffice/onlyoffice.deb	onlyoffice.deb.001	52428800	002c7fefc16d98affa3a8949884ae309d40e80b31cb9c162dd65b4e2857d14a8
Onlyoffice/onlyoffice.deb	onlyoffice.deb.002	52428800	c5f6664969c6a276b533b9b7e08464dc07f29dacbc66e3df391861b544f810c0
Onlyoffice/onlyoffice.deb	onlyoffice.deb.003	52428800	ca3b2769f19ec408365b17df890ee22687636f3085fadcb3d14c50fea2836cb6
Onlyoffice/onlyoffice.deb	onlyoffice.deb.004	52428800	f5834665f507c12845087a11eab5d3ca79e8ef1ef47919ff2184e91bdf34f132
Onlyoffice/onlyoffice.deb	onlyoffice.deb.005	52428800	78c80ef25a02cb2543b39bdd9ea2533f5e6707a8cd9db938c6286d62a6602003
Onlyoffice/onlyoffice.deb	onlyoffice.deb.006	50071336	0f0437a1d894d00369e0ceb5568056c3437850f71b6e12a1ed67f4698c70e80b
Seewo/希沃白板.deb	希沃白板.deb.000	52428800	0ed0de15f8cd6bcb4d0d465b72de125d1ce0d3b75e48bd788618983442587675
Seewo/希沃白板.deb	希沃白板.deb.001	52428800	95876f988452f19222d39e31d232b12fe46b900f1149ce3504d57ef2c1999a0c
Seewo/希沃白板.deb	希沃白板.deb.002	52428800	4b7e5454d1cf6efbc759c515ac29a4fd68fbe997ebd876b90adb4334b51535df
Seewo/希沃白板.deb	希沃白板.deb.003	11620660	6de71bce2e3d2b3167c8e25f526f0d208f82846b9fe0269b891eb33b75b64717
Seewo/希沃管家.deb	希沃管家.deb.000	52428800	a46108fe1344c8bf3167d57dc2b540c030dbe3097375b98abbd7aad11b9721f7
Seewo/希沃管家.deb	希沃管家.deb.001	52428800	fd6a10feb4d41357ddcd0e03a4739f28a8cac4137ee446701bd6b785c15cfb45
Seewo/希沃管家.deb	希沃管家.deb.002	52428800	2b53194113f365bc8d2d2ea79530f78c51d17c8691f4bea0a2b96477bd33d0ee
Seewo/希沃管家.deb	希沃管家.deb.003	52428800	1edb9f6fe11cc87bfaf22ee3a45dd36b7120e9a00e05729e65483f51490a8a59
Seewo/希沃管家.deb	希沃管家.deb.004	47157764	f4e2d8e0e5af7f9955723702dba89b848591a13cdfcf4f37bf1f40583fdc11e6
Seewo/班级优化大师.deb	班级优化大师.deb.000	52428800	3d9356fffba30aac93fa5a5b673fe6282ce8052c3c118bd4ed2ddb2d0298d3c2
Seewo/班级优化大师.deb	班级优化大师.deb.001	52428800	9456b51e87dcba76b2ef7803352e36a5fa11e1ca0014d2d7ea30a5652cb972bc
Seewo/班级优化大师.deb	班级优化大师.deb.002	11772620	404d75c639c13bc489b0143cee5eab5cf2e2e86afd4dc0ebc78429c1b6a6009b
Seewo/视频展台.deb	视频展台.deb.000	52428800	1ab75e37a04d3ad764d49252a567f77dd5b3a08daa0266c3e852db1af8d90071
Seewo/视频展台.deb	视频展台.deb.001	52428800	a892e55ed0286fb4eeb58b6fb88253cb9e6630619cd31c302dc540f517b6710e
Seewo/视频展台.deb	视频展台.deb.002	34766104	3310c754a44109496814aa71d731dca8ce1a7af9b9ae5267d324685cfc1fc0e2
Tencent IM/QQ.deb	QQ.deb.000	52428800	1bc34f3d49b4050e325774f97edcf16a0082df8cb2f90ab3f07957b3ad9c5fc7
Tencent IM/QQ.deb	QQ.deb.001	52428800	6e7d76af51ebf83133fcd995fb9ed5882a4843b7f6d74416de6efdefc38f3c42
Tencent IM/QQ.deb	QQ.deb.002	52428800	a22f6f02b3aa0cc403a6865bc89496656801430865cc8449a5e4179c2d1f0a0e
Tencent IM/QQ.deb	QQ.deb.003	29899096	e7c899d917eb722097bd55f52133632baeeeac472a119051721a7af3c9dbf880
Tencent IM/WeChat.deb	WeChat.deb.000	52428800	6aff1b981331a903b8cc13bf4345e0f6db4f1c06a7d6506d8feb19e28cba16d1
Tencent IM/WeChat.deb	WeChat.deb.001	52428800	50e9e48c00cc0fb147381993f8fff45ff38d39f147953008fd835a798ae6f55c
Tencent IM/WeChat.deb	WeChat.deb.002	52428800	74dc9efb6523ee1b9e88a3ce1ad21a72b1accb47b086974cdf2aaf0dcd94f0e7
Tencent IM/WeChat.deb	WeChat.deb.003	52428800	1e9f1282413b18010e2b8eccb1f75bb02cf0d9cc40ed5007edf6916507f65a10
Tencent IM/WeChat.deb	WeChat.deb.004	21644424	caf13be197d57a0492b701ab0bae5c80387b9adaaddc6fb2c0b3ba4572065163
dingding/com.alibabainc.dingtalk.deb	com.alibabainc.dingtalk.deb.000	52428800	21ca11d065093fc9e73cca8cb7f0ef7d0a09986b0b1e796f8979da75e9431a36
dingding/com.alibabainc.dingtalk.deb	com.alibabainc.dingtalk.deb.001	52428800	b2477c54d710175427fbc513ea34032a60ca74be6fede29a735d3e11c5878774
dingding/com.alibabainc.dingtalk.deb	com.alibabainc.dingtalk.deb.002	52428800	1e8776d7a72ba0ebe8c0336e1eafd94bcbc68031b0a83a2e58c266688905ff54
dingding/com.alibabainc.dingtalk.deb	com.alibabainc.dingtalk.deb.003	52428800	2d6aa7a513c10be13e72167e649d1200d84758f845d9ed08354a1175031f3dd2
dingding/com.alibabainc.dingtalk.deb	com.alibabainc.dingtalk.deb.004	52428800	d9958b8fc58ba9a45297eccd9dd3007d9b8dff4c065a81af014faa65c712fef4
dingding/com.alibabainc.dingtalk.deb	com.alibabainc.dingtalk.deb.005	52428800	269d1211ee86814780d4ddbe9641d6cb94822b3926176b0a22e9367acd2f9781
dingding/com.alibabainc.dingtalk.deb	com.alibabainc.dingtalk.deb.006	52428800	986f5aba0f5d6c3ec6359a0c375bc9210ebc5633d4abf9e99670bccd320ed89d
dingding/com.alibabainc.dingtalk.deb	com.alibabainc.dingtalk.deb.007	7321540	e542c8f981344b0b6f72ba8d042466a7968cc4ce177e65f9ad9bb0b76958a440
